scenario,label,variant,year,generation_from_econs_flow_t,generation_from_flow42_t,waste_generated_total_t,generation_from_econs_flow_Mt,generation_from_flow42_Mt,waste_generated_total_Mt,flow42_minus_econs_t
BAU,Business-as-Usual,CENTRAL,2020,1330384.192,1330384.192,1330384.1919999989,1.3303841920000001,1.3303841920000001,1.3303841919999988,0.0
BAU,Business-as-Usual,CENTRAL,2021,1382917.85029996,1383185.5455,1382917.850299961,1.38291785029996,1.3831855455,1.3829178502999608,267.69520004000515
BAU,Business-as-Usual,CENTRAL,2022,1523747.8113644,1524464.073,1523747.811364399,1.5237478113644,1.524464073,1.523747811364399,716.2616356001236
BAU,Business-as-Usual,CENTRAL,2023,1585757.32612571,1586069.6575,1585757.326125708,1.58575732612571,1.5860696575,1.5857573261257079,312.3313742899336
BAU,Business-as-Usual,CENTRAL,2024,1648524.20900952,1648842.458,1648524.2090095188,1.64852420900952,1.648842458,1.648524209009519,318.24899048008956
BAU,Business-as-Usual,CENTRAL,2025,1710874.30125806,1711190.39626,1710874.3012580571,1.7108743012580598,1.7111903962600001,1.7108743012580572,316.0950019401498
BAU,Business-as-Usual,CENTRAL,2026,1800839.95940024,1801296.78572,1800839.959400238,1.80083995940024,1.80129678572,1.800839959400238,456.82631975994445
BAU,Business-as-Usual,CENTRAL,2027,1892401.20120609,1892865.441,1892401.2012060941,1.89240120120609,1.892865441,1.8924012012060942,464.2397939101793
BAU,Business-as-Usual,CENTRAL,2028,1987121.03485996,1987601.33208,1987121.034859954,1.98712103485996,1.9876013320800001,1.987121034859954,480.29722004011273
BAU,Business-as-Usual,CENTRAL,2029,2083124.74078772,2083611.4984,2083124.740787719,2.0831247407877203,2.0836114984,2.083124740787719,486.7576122798491
BAU,Business-as-Usual,CENTRAL,2030,2180276.03758011,2180768.61004,2180276.037580109,2.1802760375801102,2.1807686100400003,2.1802760375801093,492.5724598900415
BAU,Business-as-Usual,CENTRAL,2031,2280238.78264338,2280745.65174,2280238.78264338,2.28023878264338,2.28074565174,2.28023878264338,506.86909662000835
BAU,Business-as-Usual,CENTRAL,2032,2380892.96313488,2381403.28272,2380892.963134882,2.38089296313488,2.38140328272,2.380892963134882,510.31958511983976
BAU,Business-as-Usual,CENTRAL,2033,2484131.247806,2484654.7176,2484131.247806001,2.4841312478060003,2.4846547176000002,2.484131247806001,523.4697940000333
BAU,Business-as-Usual,CENTRAL,2034,2587983.86783414,2588510.40108,2587983.867834145,2.58798386783414,2.58851040108,2.5879838678341454,526.5332458601333
BAU,Business-as-Usual,CENTRAL,2035,2692270.40486038,2692799.1336,2692270.404860373,2.69227040486038,2.6927991336,2.692270404860373,528.7287396197207
BAU,Business-as-Usual,CENTRAL,2036,2799076.8241635,2799618.38225,2799076.824163497,2.7990768241635,2.79961838225,2.799076824163497,541.5580864995718
BAU,Business-as-Usual,CENTRAL,2037,2906361.02601945,2906904.95336,2906361.026019451,2.9063610260194497,2.90690495336,2.906361026019451,543.9273405503482
BAU,Business-as-Usual,CENTRAL,2038,3014087.97395389,3014634.14532,3014087.973953886,3.01408797395389,3.01463414532,3.014087973953886,546.1713661099784
BAU,Business-as-Usual,CENTRAL,2039,3124213.87595949,3124772.26022,3124213.8759594862,3.12421387595949,3.12477226022,3.1242138759594864,558.3842605100945
BAU,Business-as-Usual,CENTRAL,2040,3234792.55189994,3235353.18113,3234792.551899937,3.2347925518999396,3.23535318113,3.234792551899937,560.629230060149
BAU,Business-as-Usual,CENTRAL,2041,3348105.12827976,3348679.67718001,3348105.1282797633,3.34810512827976,3.34867967718001,3.348105128279763,574.5489002498798
BAU,Business-as-Usual,CENTRAL,2042,3462149.3227539,3462727.52882,3462149.322753901,3.4621493227539,3.4627275288200003,3.462149322753901,578.2060660999268
BAU,Business-as-Usual,CENTRAL,2043,3578841.5394663,3579433.22039,3578841.5394663042,3.5788415394663002,3.57943322039,3.5788415394663042,591.680923699867
BAU,Business-as-Usual,CENTRAL,2044,3698253.30875117,3698858.779,3698253.3087511663,3.69825330875117,3.698858779,3.698253308751166,605.470248830039
BAU,Business-as-Usual,LOWER,2020,1330384.192,1330384.192,1128308.17644067,1.3303841920000001,1.3303841920000001,1.12830817644067,0.0
BAU,Business-as-Usual,LOWER,2021,1382917.85029954,1383185.5455,1183692.357514703,1.38291785029954,1.3831855455,1.183692357514703,267.69520046003163
BAU,Business-as-Usual,LOWER,2022,1523747.81136438,1524464.073,1315009.630810483,1.5237478113643799,1.524464073,1.3150096308104828,716.261635620147
BAU,Business-as-Usual,LOWER,2023,1585757.32612579,1586069.6575,1378693.409276549,1.5857573261257898,1.5860696575,1.378693409276549,312.3313742100727
BAU,Business-as-Usual,LOWER,2024,1648524.20900924,1648842.458,1442886.153909423,1.64852420900924,1.648842458,1.4428861539094229,318.2489907601848
BAU,Business-as-Usual,LOWER,2025,1710874.30125792,1711190.39626,1506579.132578577,1.71087430125792,1.7111903962600001,1.506579132578577,316.09500208008103
BAU,Business-as-Usual,LOWER,2026,1800839.95939939,1801296.78572,1594596.568463952,1.80083995939939,1.80129678572,1.594596568463952,456.82632061000913
BAU,Business-as-Usual,LOWER,2027,1892401.20120525,1892865.441,1684161.931698403,1.89240120120525,1.892865441,1.6841619316984031,464.2397947499994
BAU,Business-as-Usual,LOWER,2028,1987121.03485906,1987601.33208,1776671.964994546,1.98712103485906,1.9876013320800001,1.776671964994546,480.29722094000317
BAU,Business-as-Usual,LOWER,2029,2083124.74078595,2083611.4984,1870459.395401123,2.08312474078595,2.0836114984,1.870459395401123,486.7576140498277
BAU,Business-as-Usual,LOWER,2030,2180276.03757861,2180768.61004,1965394.277550193,2.1802760375786097,2.1807686100400003,1.965394277550193,492.57246139040217
BAU,Business-as-Usual,LOWER,2031,2280238.78264217,2280745.65174,2062973.8320408608,2.28023878264217,2.28074565174,2.0629738320408606,506.86909783026204
BAU,Business-as-Usual,LOWER,2032,2380892.96313407,2381403.28272,2161283.1123464247,2.38089296313407,2.38140328272,2.1612831123464247,510.3195859300904
BAU,Business-as-Usual,LOWER,2033,2484131.24780518,2484654.7176,2262036.533208252,2.48413124780518,2.4846547176000002,2.262036533208252,523.4697948200628
BAU,Business-as-Usual,LOWER,2034,2587983.8678334,2588510.40108,2363440.092836805,2.5879838678334,2.58851040108,2.363440092836805,526.5332466000691
BAU,Business-as-Usual,LOWER,2035,2692270.40485944,2692799.1336,2465319.969099372,2.69227040485944,2.6927991336,2.4653199690993723,528.7287405598909
BAU,Business-as-Usual,LOWER,2036,2799076.82416227,2799618.38225,2569578.076767686,2.79907682416227,2.79961838225,2.569578076767686,541.5580877298489
BAU,Business-as-Usual,LOWER,2037,2906361.02601718,2906904.95336,2674336.814092587,2.9063610260171804,2.90690495336,2.6743368140925874,543.9273428199813
BAU,Business-as-Usual,LOWER,2038,3014087.97395002,3014634.14532,2779552.527287877,3.01408797395002,3.01463414532,2.779552527287877,546.1713699800894
BAU,Business-as-Usual,LOWER,2039,3124213.87595518,3124772.26022,2887021.379400989,3.1242138759551796,3.12477226022,2.887021379400989,558.3842648202553
BAU,Business-as-Usual,LOWER,2040,3234792.55189847,3235353.18113,2994943.064221531,3.23479255189847,3.23535318113,2.9949430642215313,560.629231529776
BAU,Business-as-Usual,LOWER,2041,3348105.12827865,3348679.67718001,3105423.415808464,3.34810512827865,3.34867967718001,3.105423415808464,574.5489013600163
BAU,Business-as-Usual,LOWER,2042,3462149.32275302,3462727.52882,3216603.4323817273,3.46214932275302,3.4627275288200003,3.2166034323817274,578.2060669800267
BAU,Business-as-Usual,LOWER,2043,3578841.53946506,3579433.22039,3330255.464281298,3.57884153946506,3.57943322039,3.330255464281298,591.680924939923
BAU,Business-as-Usual,LOWER,2044,3698253.30874747,3698858.779,3446446.970380442,3.69825330874747,3.698858779,3.446446970380442,605.4702525301836
BAU,Business-as-Usual,UPPER,2020,1330384.192,1330384.192,1532460.2075593271,1.3303841920000001,1.3303841920000001,1.5324602075593272,0.0
BAU,Business-as-Usual,UPPER,2021,1382917.85029999,1383185.5455,1582143.3430843651,1.3829178502999901,1.3831855455,1.5821433430843652,267.69520000997
BAU,Business-as-Usual,UPPER,2022,1523747.81136457,1524464.073,1732485.991919375,1.52374781136457,1.524464073,1.7324859919193751,716.2616354301572
BAU,Business-as-Usual,UPPER,2023,1585757.32612608,1586069.6575,1792821.242975755,1.58575732612608,1.5860696575,1.7928212429757548,312.3313739199657
BAU,Business-as-Usual,UPPER,2024,1648524.20900959,1648842.458,1854162.264109782,1.6485242090095902,1.648842458,1.854162264109782,318.24899041000754
BAU,Business-as-Usual,UPPER,2025,1710874.3012581,1711190.39626,1915169.469937028,1.7108743012581,1.7111903962600001,1.9151694699370279,316.09500190010294
BAU,Business-as-Usual,UPPER,2026,1800839.95940029,1801296.78572,2007083.350333913,1.80083995940029,1.80129678572,2.007083350333913,456.8263197101187
BAU,Business-as-Usual,UPPER,2027,1892401.20120612,1892865.441,2100640.470712263,1.89240120120612,1.892865441,2.1006404707122632,464.23979388014413
BAU,Business-as-Usual,UPPER,2028,1987121.03485961,1987601.33208,2197570.104724032,1.98712103485961,1.9876013320800001,2.197570104724032,480.2972203900572
BAU,Business-as-Usual,UPPER,2029,2083124.74078703,2083611.4984,2295790.086171903,2.08312474078703,2.0836114984,2.295790086171903,486.75761296995915
BAU,Business-as-Usual,UPPER,2030,2180276.03757947,2180768.61004,2395157.797607638,2.18027603757947,2.1807686100400003,2.395157797607638,492.57246053032577
BAU,Business-as-Usual,UPPER,2031,2280238.78264323,2280745.65174,2497503.733245123,2.28023878264323,2.28074565174,2.4975037332451233,506.8690967699513
BAU,Business-as-Usual,UPPER,2032,2380892.96313493,2381403.28272,2600502.813922651,2.38089296313493,2.38140328272,2.600502813922651,510.319585070014
BAU,Business-as-Usual,UPPER,2033,2484131.24780638,2484654.7176,2706225.96240219,2.48413124780638,2.4846547176000002,2.7062259624021903,523.4697936200537
BAU,Business-as-Usual,UPPER,2034,2587983.86783426,2588510.40108,2812527.642829447,2.5879838678342604,2.58851040108,2.8125276428294472,526.5332457399927
BAU,Business-as-Usual,UPPER,2035,2692270.40486007,2692799.1336,2919220.8406206323,2.69227040486007,2.6927991336,2.9192208406206324,528.7287399298511
BAU,Business-as-Usual,UPPER,2036,2799076.82416282,2799618.38225,3028575.5715604513,2.79907682416282,2.79961838225,3.0285755715604514,541.5580871799029
BAU,Business-as-Usual,UPPER,2037,2906361.02601874,2906904.95336,3138385.2379474677,2.90636102601874,2.90690495336,3.138385237947468,543.927341260016
BAU,Business-as-Usual,UPPER,2038,3014087.97395316,3014634.14532,3248623.420618203,3.01408797395316,3.01463414532,3.248623420618203,546.1713668401353
BAU,Business-as-Usual,UPPER,2039,3124213.87595955,3124772.26022,3361406.3725136747,3.12421387595955,3.12477226022,3.3614063725136747,558.3842604500242
BAU,Business-as-Usual,UPPER,2040,3234792.55189999,3235353.18113,3474642.0395724727,3.2347925518999903,3.23535318113,3.4746420395724726,560.6292300098576
BAU,Business-as-Usual,UPPER,2041,3348105.12828128,3348679.67718001,3590786.840744678,3.34810512828128,3.34867967718001,3.590786840744678,574.5488987299614
BAU,Business-as-Usual,UPPER,2042,3462149.32275562,3462727.52882,3707695.2131217094,3.4621493227556197,3.4627275288200003,3.7076952131217094,578.2060643802397
BAU,Business-as-Usual,UPPER,2043,3578841.53946643,3579433.22039,3827427.614648293,3.57884153946643,3.57943322039,3.827427614648293,591.6809235699475
BAU,Business-as-Usual,UPPER,2044,3698253.30875123,3698858.779,3950059.647119772,3.69825330875123,3.698858779,3.950059647119772,605.4702487699687
CDS,Collection & Disposal,CENTRAL,2020,1330384.192,1330384.192,1330384.1919999989,1.3303841920000001,1.3303841920000001,1.3303841919999988,0.0
CDS,Collection & Disposal,CENTRAL,2021,1382917.85029999,1383185.5455,1382917.850299985,1.3829178502999901,1.3831855455,1.3829178502999848,267.69520000997
CDS,Collection & Disposal,CENTRAL,2022,1523747.8113644,1524464.073,1523747.8113643988,1.5237478113644,1.524464073,1.5237478113643987,716.2616356001236
CDS,Collection & Disposal,CENTRAL,2023,1585757.32612573,1586069.6575,1585757.326125735,1.58575732612573,1.5860696575,1.585757326125735,312.33137426991016
CDS,Collection & Disposal,CENTRAL,2024,1648524.20900955,1648842.458,1648524.2090095459,1.64852420900955,1.648842458,1.6485242090095458,318.2489904500544
CDS,Collection & Disposal,CENTRAL,2025,1710874.30125954,1711190.39626,1710874.301259541,1.71087430125954,1.7111903962600001,1.7108743012595409,316.0950004600454
CDS,Collection & Disposal,CENTRAL,2026,1800839.95940001,1801296.78572,1800839.9594000129,1.80083995940001,1.80129678572,1.8008399594000128,456.82631998998113
CDS,Collection & Disposal,CENTRAL,2027,1892401.20120436,1892865.441,1892401.201204358,1.89240120120436,1.892865441,1.8924012012043578,464.23979564011097
CDS,Collection & Disposal,CENTRAL,2028,1987121.03485839,1987601.33208,1987121.034858385,1.98712103485839,1.9876013320800001,1.9871210348583852,480.29722161008976
CDS,Collection & Disposal,CENTRAL,2029,2083124.74078797,2083611.4984,2083124.7407879648,2.08312474078797,2.0836114984,2.083124740787965,486.75761203002185
CDS,Collection & Disposal,CENTRAL,2030,2180276.03758144,2180768.61004,2180276.03758144,2.18027603758144,2.1807686100400003,2.18027603758144,492.57245856011286
CDS,Collection & Disposal,CENTRAL,2031,2280238.78264535,2280745.65174,2280238.782645349,2.28023878264535,2.28074565174,2.2802387826453487,506.8690946502611
CDS,Collection & Disposal,CENTRAL,2032,2380892.96313638,2381403.28272,2380892.963136376,2.38089296313638,2.38140328272,2.3808929631363758,510.31958361994475
CDS,Collection & Disposal,CENTRAL,2033,2484131.24780698,2484654.7176,2484131.247806982,2.48413124780698,2.4846547176000002,2.484131247806982,523.4697930202819
CDS,Collection & Disposal,CENTRAL,2034,2587983.86783427,2588510.40108,2587983.8678342737,2.58798386783427,2.58851040108,2.5879838678342737,526.5332457302138
CDS,Collection & Disposal,CENTRAL,2035,2692270.40485851,2692799.1336,2692270.40485851,2.69227040485851,2.6927991336,2.69227040485851,528.7287414898165
CDS,Collection & Disposal,CENTRAL,2036,2799076.82415882,2799618.38225,2799076.8241588282,2.7990768241588198,2.79961838225,2.799076824158828,541.5580911799334
CDS,Collection & Disposal,CENTRAL,2037,2906361.02601185,2906904.95336,2906361.026011849,2.9063610260118504,2.90690495336,2.9063610260118486,543.9273481499404
CDS,Collection & Disposal,CENTRAL,2038,3014087.97394836,3014634.14532,3014087.9739483553,3.01408797394836,3.01463414532,3.0140879739483553,546.1713716401719
CDS,Collection & Disposal,CENTRAL,2039,3124213.87595853,3124772.26022,3124213.8759585223,3.1242138759585303,3.12477226022,3.1242138759585223,558.3842614698224
CDS,Collection & Disposal,CENTRAL,2040,3234792.55190633,3235353.18113,3234792.55190634,3.23479255190633,3.23535318113,3.23479255190634,560.6292236698791
CDS,Collection & Disposal,CENTRAL,2041,3348105.12828879,3348679.67718001,3348105.128288785,3.34810512828879,3.34867967718001,3.348105128288785,574.5488912197761
CDS,Collection & Disposal,CENTRAL,2042,3462149.32276063,3462727.52882,3462149.3227606257,3.46214932276063,3.4627275288200003,3.462149322760626,578.2060593701899
CDS,Collection & Disposal,CENTRAL,2043,3578841.53946779,3579433.22039,3578841.539467791,3.57884153946779,3.57943322039,3.578841539467791,591.6809222097509
CDS,Collection & Disposal,CENTRAL,2044,3698253.30874651,3698858.779,3698253.308746507,3.6982533087465104,3.698858779,3.698253308746507,605.4702534899116
CDS,Collection & Disposal,LOWER,2020,1330384.192,1330384.192,1179979.5228238911,1.3303841920000001,1.3303841920000001,1.1799795228238912,0.0
CDS,Collection & Disposal,LOWER,2021,1382917.85029998,1383185.5455,1231448.2025072682,1.38291785029998,1.3831855455,1.2314482025072682,267.6952000199817
CDS,Collection & Disposal,LOWER,2022,1523747.81136458,1524464.073,1361722.4780999562,1.52374781136458,1.524464073,1.3617224780999562,716.2616354201455
CDS,Collection & Disposal,LOWER,2023,1585757.32612591,1586069.6575,1421752.257710969,1.5857573261259101,1.5860696575,1.4217522577109691,312.33137408993207
CDS,Collection & Disposal,LOWER,2024,1648524.20900894,1648842.458,1482410.689107282,1.64852420900894,1.648842458,1.4824106891072821,318.2489910600707
CDS,Collection & Disposal,LOWER,2025,1710874.30125968,1711190.39626,1501375.79859932,1.7108743012596799,1.7111903962600001,1.50137579859932,316.0950003201142
CDS,Collection & Disposal,LOWER,2026,1800839.95939989,1801296.78572,1570418.184098476,1.8008399593998898,1.80129678572,1.570418184098476,456.82632011012174
CDS,Collection & Disposal,LOWER,2027,1892401.20120431,1892865.441,1639965.783816923,1.8924012012043099,1.892865441,1.6399657838169228,464.23979569016956
CDS,Collection & Disposal,LOWER,2028,1987121.03485846,1987601.33208,1711339.68294056,1.98712103485846,1.9876013320800001,1.7113396829405598,480.29722154000774
CDS,Collection & Disposal,LOWER,2029,2083124.74078777,2083611.4984,1784837.221481835,2.08312474078777,2.0836114984,1.784837221481835,486.75761223002337
CDS,Collection & Disposal,LOWER,2030,2180276.03758146,2180768.61004,1856459.3339811559,2.1802760375814603,2.1807686100400003,1.856459333981156,492.57245854008943
CDS,Collection & Disposal,LOWER,2031,2280238.78264533,2280745.65174,1929506.7403769959,2.2802387826453296,2.28074565174,1.9295067403769959,506.86909467028454
CDS,Collection & Disposal,LOWER,2032,2380892.96313641,2381403.28272,2002151.4114587698,2.38089296313641,2.38140328272,2.0021514114587697,510.31958359014243
CDS,Collection & Disposal,LOWER,2033,2484131.24780705,2484654.7176,2075963.3070488349,2.48413124780705,2.4846547176000002,2.075963307048835,523.4697929499671
CDS,Collection & Disposal,LOWER,2034,2587983.86783427,2588510.40108,2149264.790843585,2.58798386783427,2.58851040108,2.149264790843585,526.5332457302138
CDS,Collection & Disposal,LOWER,2035,2692270.40485848,2692799.1336,2221896.4140061727,2.6922704048584802,2.6927991336,2.2218964140061725,528.7287415196188
CDS,Collection & Disposal,LOWER,2036,2799076.82415882,2799618.38225,2295561.123248715,2.7990768241588198,2.79961838225,2.295561123248715,541.5580911799334
CDS,Collection & Disposal,LOWER,2037,2906361.02601178,2906904.95336,2368554.069414816,2.90636102601178,2.90690495336,2.3685540694148157,543.9273482202552
CDS,Collection & Disposal,LOWER,2038,3014087.97394828,3014634.14532,2440838.122990179,3.0140879739482798,3.01463414532,2.4408381229901788,546.1713717202656
CDS,Collection & Disposal,LOWER,2039,3124213.87595848,3124772.26022,2513978.724650205,3.12421387595848,3.12477226022,2.513978724650205,558.3842615201138
CDS,Collection & Disposal,LOWER,2040,3234792.55190615,3235353.18113,2586381.284970632,3.23479255190615,3.23535318113,2.586381284970632,560.62922385009
CDS,Collection & Disposal,LOWER,2041,3348105.12828856,3348679.67718001,2659849.128933554,3.34810512828856,3.34867967718001,2.659849128933554,574.5488914498128
CDS,Collection & Disposal,LOWER,2042,3462149.32276047,3462727.52882,2732757.8254654002,3.46214932276047,3.4627275288200003,2.7327578254654004,578.2060595299117
CDS,Collection & Disposal,LOWER,2043,3578841.53946772,3579433.22039,2806596.9181746542,3.57884153946772,3.57943322039,2.8065969181746544,591.6809222800657
CDS,Collection & Disposal,LOWER,2044,3698253.30874649,3698858.779,2881379.5545144747,3.69825330874649,3.698858779,2.8813795545144747,605.470253509935
CDS,Collection & Disposal,UPPER,2020,1330509.33536132,1330384.192,1481069.915598742,1.33050933536132,1.3303841920000001,1.481069915598742,-125.14336132002063
CDS,Collection & Disposal,UPPER,2021,1382920.38135842,1383185.5455,1534392.957218607,1.38292038135842,1.3831855455,1.534392957218607,265.1641415799968
CDS,Collection & Disposal,UPPER,2022,1523754.8153681,1524464.073,1685788.251250837,1.5237548153681,1.524464073,1.685788251250837,709.2576319000218
CDS,Collection & Disposal,UPPER,2023,1585760.26918809,1586069.6575,1749768.742299441,1.58576026918809,1.5860696575,1.749768742299441,309.38831190997735
CDS,Collection & Disposal,UPPER,2024,1648527.1974418,1648842.458,1814644.174525871,1.6485271974418,1.648842458,1.814644174525871,315.2605582000688
CDS,Collection & Disposal,UPPER,2025,1710877.25455619,1711190.39626,1920379.173752082,1.7108772545561899,1.7111903962600001,1.9203791737520821,313.14170381007716
CDS,Collection & Disposal,UPPER,2026,1800844.29354387,1801296.78572,2031271.082821293,1.80084429354387,1.80129678572,2.031271082821293,452.49217612994835
CDS,Collection & Disposal,UPPER,2027,1892405.58885709,1892865.441,2144846.082122947,1.89240558885709,1.892865441,2.144846082122947,459.8521429100074
CDS,Collection & Disposal,UPPER,2028,1987125.56086341,1987601.33208,2262912.148713131,1.98712556086341,1.9876013320800001,2.262912148713131,475.7712165901903
CDS,Collection & Disposal,UPPER,2029,2083129.30969417,2083611.4984,2381422.114562508,2.08312930969417,2.0836114984,2.381422114562508,482.1887058299035
CDS,Collection & Disposal,UPPER,2030,2180280.64269337,2180768.61004,2504102.673740354,2.1802806426933703,2.1807686100400003,2.504102673740354,487.9673466300592
CDS,Collection & Disposal,UPPER,2031,2280243.50675916,2280745.65174,2630981.014142651,2.28024350675916,2.28074565174,2.6309810141426513,502.1449808399193
CDS,Collection & Disposal,UPPER,2032,2380897.69934692,2381403.28272,2759644.73013374,2.38089769934692,2.38140328272,2.7596447301337403,505.58337308000773
CDS,Collection & Disposal,UPPER,2033,2484136.09057975,2484654.7176,2892309.63372424,2.48413609057975,2.4846547176000002,2.89230963372424,518.6270202500746
CDS,Collection & Disposal,UPPER,2034,2587988.71820914,2588510.40108,3026713.4063806003,2.58798871820914,2.58851040108,3.0267134063806003,521.6828708602116
CDS,Collection & Disposal,UPPER,2035,2692275.25428187,2692799.1336,3162654.85521395,2.69227525428187,2.6927991336,3.1626548552139497,523.8793181297369
CDS,Collection & Disposal,UPPER,2036,2799081.7756007,2799618.38225,3302603.20461125,2.7990817756007003,2.79961838225,3.30260320461125,536.6066492996179
CDS,Collection & Disposal,UPPER,2037,2906365.97758714,2906904.95336,3444178.6624391503,2.90636597758714,2.90690495336,3.44417866243915,538.9757728599943
CDS,Collection & Disposal,UPPER,2038,3014092.92437266,3014634.14532,3587348.50225435,3.01409292437266,3.01463414532,3.58734850225435,541.2209473401308
CDS,Collection & Disposal,UPPER,2039,3124218.92111246,3124772.26022,3734459.9089328274,3.12421892111246,3.12477226022,3.7344599089328274,553.3391075399704
CDS,Collection & Disposal,UPPER,2040,3234797.59535446,3235353.18113,3883214.696828901,3.2347975953544603,3.23535318113,3.883214696828901,555.5857755397446
CDS,Collection & Disposal,UPPER,2041,3348110.28183108,3348679.67718001,4036372.2430880642,3.34811028183108,3.34867967718001,4.036372243088064,569.3953489298001
CDS,Collection & Disposal,UPPER,2042,3462154.4874681,3462727.52882,4191551.959581553,3.4621544874681,3.4627275288200003,4.191551959581553,573.0413518999703
CDS,Collection & Disposal,UPPER,2043,3578846.80883927,3579433.22039,4351097.526031641,3.5788468088392698,3.57943322039,4.351097526031642,586.4115507300012
CDS,Collection & Disposal,UPPER,2044,3698258.68499498,3698858.779,4515138.658767303,3.6982586849949803,3.698858779,4.515138658767303,600.0940050198697
RES,Recycling,CENTRAL,2020,1330384.192,1330384.192,1330384.1919999989,1.3303841920000001,1.3303841920000001,1.3303841919999988,0.0
RES,Recycling,CENTRAL,2021,1382917.85029996,1383185.5455,1382917.8502999619,1.38291785029996,1.3831855455,1.382917850299962,267.69520004000515
RES,Recycling,CENTRAL,2022,1523747.8113644,1524464.073,1523747.811364399,1.5237478113644,1.524464073,1.523747811364399,716.2616356001236
RES,Recycling,CENTRAL,2023,1585757.32612571,1586069.6575,1585757.326125707,1.58575732612571,1.5860696575,1.585757326125707,312.3313742899336
RES,Recycling,CENTRAL,2024,1648524.20900952,1648842.458,1648524.209009517,1.64852420900952,1.648842458,1.648524209009517,318.24899048008956
RES,Recycling,CENTRAL,2025,1710874.30126047,1711190.39626,1710874.301260469,1.71087430126047,1.7111903962600001,1.710874301260469,316.0949995301198
RES,Recycling,CENTRAL,2026,1800839.95940015,1801296.78572,1800839.9594001519,1.80083995940015,1.80129678572,1.8008399594001518,456.8263198500499
RES,Recycling,CENTRAL,2027,1892401.20120451,1892865.441,1892401.2012045109,1.89240120120451,1.892865441,1.8924012012045108,464.23979549016804
RES,Recycling,CENTRAL,2028,1987121.03485838,1987601.33208,1987121.034858378,1.9871210348583799,1.9876013320800001,1.987121034858378,480.2972216201015
RES,Recycling,CENTRAL,2029,2083124.74078802,2083611.4984,2083124.7407880188,2.08312474078802,2.0836114984,2.0831247407880187,486.75761197996326
RES,Recycling,CENTRAL,2030,2180276.03758147,2180768.61004,2180276.03758147,2.18027603758147,2.1807686100400003,2.18027603758147,492.57245853031054
RES,Recycling,CENTRAL,2031,2280238.78264536,2280745.65174,2280238.782645362,2.2802387826453603,2.28074565174,2.280238782645362,506.86909464001656
RES,Recycling,CENTRAL,2032,2380892.9631364,2381403.28272,2380892.963136401,2.3808929631364,2.38140328272,2.380892963136401,510.3195835999213
RES,Recycling,CENTRAL,2033,2484131.24780691,2484654.7176,2484131.247806915,2.4841312478069097,2.4846547176000002,2.484131247806915,523.4697930901311
RES,Recycling,CENTRAL,2034,2587983.86783432,2588510.40108,2587983.867834319,2.58798386783432,2.58851040108,2.587983867834319,526.5332456803881
RES,Recycling,CENTRAL,2035,2692270.40485851,2692799.1336,2692270.404858504,2.69227040485851,2.6927991336,2.6922704048585038,528.7287414898165
RES,Recycling,CENTRAL,2036,2799076.82415884,2799618.38225,2799076.824158837,2.7990768241588397,2.79961838225,2.799076824158837,541.55809115991
RES,Recycling,CENTRAL,2037,2906361.02601192,2906904.95336,2906361.026011915,2.90636102601192,2.90690495336,2.906361026011915,543.9273480800912
RES,Recycling,CENTRAL,2038,3014087.97394833,3014634.14532,3014087.973948327,3.01408797394833,3.01463414532,3.014087973948327,546.1713716699742
RES,Recycling,CENTRAL,2039,3124213.8759585,3124772.26022,3124213.875958496,3.1242138759585,3.12477226022,3.1242138759584956,558.3842615000904
RES,Recycling,CENTRAL,2040,3234792.55190638,3235353.18113,3234792.55190638,3.23479255190638,3.23535318113,3.23479255190638,560.6292236200534
RES,Recycling,CENTRAL,2041,3348105.1282888,3348679.67718001,3348105.128288805,3.3481051282888,3.34867967718001,3.348105128288805,574.5488912099972
RES,Recycling,CENTRAL,2042,3462149.32276065,3462727.52882,3462149.3227606514,3.46214932276065,3.4627275288200003,3.4621493227606512,578.2060593501665
RES,Recycling,CENTRAL,2043,3578841.53946774,3579433.22039,3578841.539467739,3.57884153946774,3.57943322039,3.578841539467739,591.6809222600423
RES,Recycling,CENTRAL,2044,3698253.30874653,3698858.779,3698253.308746529,3.6982533087465304,3.698858779,3.698253308746529,605.4702534698881
RES,Recycling,LOWER,2020,1330384.192,1330384.192,1123688.6577298502,1.3303841920000001,1.3303841920000001,1.1236886577298502,0.0
RES,Recycling,LOWER,2021,1382917.85029944,1383185.5455,1179138.002614858,1.3829178502994401,1.3831855455,1.1791380026148581,267.695200559916
RES,Recycling,LOWER,2022,1523747.81136439,1524464.073,1310237.812996756,1.5237478113643899,1.524464073,1.310237812996756,716.2616356101353
RES,Recycling,LOWER,2023,1585757.3261257,1586069.6575,1373959.8656367748,1.5857573261257,1.5860696575,1.3739598656367749,312.3313742999453
RES,Recycling,LOWER,2024,1648524.20900923,1648842.458,1438185.2058993601,1.6485242090092298,1.648842458,1.43818520589936,318.24899077019654
RES,Recycling,LOWER,2025,1710874.30126006,1711190.39626,1434303.164479224,1.71087430126006,1.7111903962600001,1.434303164479224,316.0949999401346
RES,Recycling,LOWER,2026,1800839.95939978,1801296.78572,1495952.1079895939,1.80083995939978,1.80129678572,1.4959521079895939,456.8263202200178
RES,Recycling,LOWER,2027,1892401.20120433,1892865.441,1557541.78113908,1.8924012012043299,1.892865441,1.55754178113908,464.2397956701461
RES,Recycling,LOWER,2028,1987121.03485836,1987601.33208,1620311.19653193,1.98712103485836,1.9876013320800001,1.62031119653193,480.2972216401249
RES,Recycling,LOWER,2029,2083124.74078781,2083611.4984,1682697.75765733,2.08312474078781,2.0836114984,1.68269775765733,486.7576121899765
RES,Recycling,LOWER,2030,2180276.03758125,2180768.61004,1755880.656207976,2.18027603758125,2.1807686100400003,1.7558806562079758,492.57245875010267
RES,Recycling,LOWER,2031,2280238.78264527,2280745.65174,1834331.4424524992,2.28023878264527,2.28074565174,1.8343314424524992,506.8690947298892
RES,Recycling,LOWER,2032,2380892.96313629,2381403.28272,1913462.989436984,2.38089296313629,2.38140328272,1.9134629894369841,510.3195837098174
RES,Recycling,LOWER,2033,2484131.24780691,2484654.7176,1994795.583986158,2.4841312478069097,2.4846547176000002,1.994795583986158,523.4697930901311
RES,Recycling,LOWER,2034,2587983.86783424,2588510.40108,2076740.693596309,2.5879838678342404,2.58851040108,2.076740693596309,526.5332457600161
RES,Recycling,LOWER,2035,2692270.40485835,2692799.1336,2159163.167411405,2.6922704048583497,2.6927991336,2.159163167411405,528.7287416500039
RES,Recycling,LOWER,2036,2799076.82415881,2799618.38225,2243805.795045328,2.79907682415881,2.79961838225,2.243805795045328,541.5580911897123
RES,Recycling,LOWER,2037,2906361.02601156,2906904.95336,2319087.293674498,2.90636102601156,2.90690495336,2.3190872936744977,543.9273484400474
RES,Recycling,LOWER,2038,3014087.97394822,3014634.14532,2388257.107358365,3.01408797394822,3.01463414532,2.3882571073583647,546.1713717803359
RES,Recycling,LOWER,2039,3124213.87595844,3124772.26022,2458195.448263788,3.1242138759584397,3.12477226022,2.458195448263788,558.3842615601607
RES,Recycling,LOWER,2040,3234792.55190628,3235353.18113,2527343.418173683,3.2347925519062803,3.23535318113,2.527343418173683,560.6292237197049
RES,Recycling,LOWER,2041,3348105.12828868,3348679.67718001,2597465.659399271,3.34810512828868,3.34867967718001,2.597465659399271,574.5488913296722
RES,Recycling,LOWER,2042,3462149.32276048,3462727.52882,2666977.1384283532,3.46214932276048,3.4627275288200003,2.6669771384283534,578.2060595201328
RES,Recycling,LOWER,2043,3578841.53946773,3579433.22039,2737334.019905499,3.57884153946773,3.57943322039,2.737334019905499,591.6809222698212
RES,Recycling,LOWER,2044,3698253.30874652,3698858.779,2808549.877749321,3.69825330874652,3.698858779,2.808549877749321,605.4702534801327
RES,Recycling,UPPER,2020,1330384.192,1330384.192,1537079.7262701462,1.3303841920000001,1.3303841920000001,1.537079726270146,0.0
RES,Recycling,UPPER,2021,1382917.85029974,1383185.5455,1586697.6979841408,1.38291785029974,1.3831855455,1.5866976979841407,267.6952002600301
RES,Recycling,UPPER,2022,1523747.81136447,1524464.073,1737257.809732138,1.52374781136447,1.524464073,1.7372578097321378,716.2616355300415
RES,Recycling,UPPER,2023,1585757.3261264,1586069.6575,1797554.786615551,1.5857573261264,1.5860696575,1.797554786615551,312.3313736000564
RES,Recycling,UPPER,2024,1648524.20900955,1648842.458,1858863.212119426,1.64852420900955,1.648842458,1.8588632121194262,318.2489904500544
RES,Recycling,UPPER,2025,1710874.30126044,1711190.39626,1987445.4380416172,1.71087430126044,1.7111903962600001,1.987445438041617,316.094999560155
RES,Recycling,UPPER,2026,1800839.95939997,1801296.78572,2105727.81080967,1.80083995939997,1.80129678572,2.10572781080967,456.826320030028
RES,Recycling,UPPER,2027,1892401.20120454,1892865.441,2227260.62126949,1.89240120120454,1.892865441,2.2272606212694903,464.2397954601329
RES,Recycling,UPPER,2028,1987121.03485851,1987601.33208,2353930.87318493,1.98712103485851,1.9876013320800001,2.35393087318493,480.297221490182
RES,Recycling,UPPER,2029,2083124.74078802,2083611.4984,2483551.7239183104,2.08312474078802,2.0836114984,2.4835517239183105,486.75761197996326
RES,Recycling,UPPER,2030,2180276.03758147,2180768.61004,2604727.44662656,2.18027603758147,2.1807686100400003,2.6047274466265598,492.57245853031054
RES,Recycling,UPPER,2031,2280238.78264545,2280745.65174,2726221.33259802,2.28023878264545,2.28074565174,2.72622133259802,506.8690945501439
RES,Recycling,UPPER,2032,2380892.96313649,2381403.28272,2848402.34351781,2.38089296313649,2.38140328272,2.8484023435178103,510.3195835100487
RES,Recycling,UPPER,2033,2484131.24780712,2484654.7176,2973550.38527688,2.48413124780712,2.4846547176000002,2.97355038527688,523.4697928801179
RES,Recycling,UPPER,2034,2587983.86783458,2588510.40108,3099314.30973987,2.58798386783458,2.58851040108,3.09931430973987,526.5332454200834
RES,Recycling,UPPER,2035,2692302.43635408,2692799.1336,3225468.9274997,2.69230243635408,2.6927991336,3.2254689274997,496.6972459196113
RES,Recycling,UPPER,2036,2799167.04335897,2799618.38225,3354442.97305735,2.79916704335897,2.79961838225,3.35444297305735,451.33889102982357
RES,Recycling,UPPER,2037,2906396.60915139,2906904.95336,3493678.32189053,2.9063966091513898,2.90690495336,3.4936783218905303,508.3442086102441
RES,Recycling,UPPER,2038,3014091.34395137,3014634.14532,3639932.0395005,3.01409134395137,3.01463414532,3.6399320395005,542.8013686300255
RES,Recycling,UPPER,2039,3124217.32760987,3124772.26022,3790245.82239955,3.12421732760987,3.12477226022,3.7902458223995503,554.9326101299375
RES,Recycling,UPPER,2040,3234796.02145688,3235353.18113,3942255.27448947,3.23479602145688,3.23535318113,3.9422552744894697,557.1596731198952
RES,Recycling,UPPER,2041,3348108.68717715,3348679.67718001,4098758.535929379,3.34810868717715,3.34867967718001,4.098758535929379,570.9900028598495
RES,Recycling,UPPER,2042,3462152.90848259,3462727.52882,4257335.550940258,3.46215290848259,3.4627275288200003,4.257335550940258,574.6203374098986
RES,Recycling,UPPER,2043,3578845.2121927,3579433.22039,4420363.4436329845,3.5788452121926997,3.57943322039,4.420363443632985,588.0081973001361
RES,Recycling,UPPER,2044,3698257.070623,3698858.779,4587971.473517749,3.6982570706230002,3.698858779,4.587971473517749,601.7083769999444
RSS,Reduce & Substitute,CENTRAL,2020,1330384.192,1330384.192,1330384.1919999989,1.3303841920000001,1.3303841920000001,1.3303841919999988,0.0
RSS,Reduce & Substitute,CENTRAL,2021,1382917.85029996,1383185.5455,1382917.8502999619,1.38291785029996,1.3831855455,1.382917850299962,267.69520004000515
RSS,Reduce & Substitute,CENTRAL,2022,1523747.8113644,1524464.073,1523747.811364399,1.5237478113644,1.524464073,1.523747811364399,716.2616356001236
RSS,Reduce & Substitute,CENTRAL,2023,1585757.32612571,1586069.6575,1585757.326125707,1.58575732612571,1.5860696575,1.585757326125707,312.3313742899336
RSS,Reduce & Substitute,CENTRAL,2024,1648524.20900952,1648842.458,1648524.209009517,1.64852420900952,1.648842458,1.648524209009517,318.24899048008956
RSS,Reduce & Substitute,CENTRAL,2025,1678059.83341059,1678208.71607794,1678059.833410584,1.67805983341059,1.67820871607794,1.6780598334105838,148.88266735011712
RSS,Reduce & Substitute,CENTRAL,2026,1731541.42120762,1731813.18810283,1731541.421207619,1.7315414212076201,1.73181318810283,1.731541421207619,271.76689520990476
RSS,Reduce & Substitute,CENTRAL,2027,1783098.33385191,1783359.66702055,1783098.333851913,1.78309833385191,1.78335966702055,1.783098333851913,261.3331686400343
RSS,Reduce & Substitute,CENTRAL,2028,1833890.72531631,1834148.21588961,1833890.725316305,1.8338907253163101,1.8341482158896099,1.833890725316305,257.4905732998159
RSS,Reduce & Substitute,CENTRAL,2029,1882303.33386704,1882548.71738664,1882303.333867041,1.88230333386704,1.88254871738664,1.882303333867041,245.3835195999127
RSS,Reduce & Substitute,CENTRAL,2030,1927918.88305247,1928150.07532046,1927918.883052476,1.9279188830524698,1.92815007532046,1.927918883052476,231.1922679899726
RSS,Reduce & Substitute,CENTRAL,2031,1972179.46088704,1972403.82095609,1972179.4608870358,1.97217946088704,1.97240382095609,1.9721794608870358,224.36006904998794
RSS,Reduce & Substitute,CENTRAL,2032,2013241.7644858,2013449.86195784,2013241.764485798,2.0132417644858,2.01344986195784,2.013241764485798,208.09747203998268
RSS,Reduce & Substitute,CENTRAL,2033,2052267.10369366,2052464.90429729,2052267.103693662,2.05226710369366,2.05246490429729,2.052267103693662,197.80060362978838
RSS,Reduce & Substitute,CENTRAL,2034,2088074.23375272,2088255.68783198,2088074.23375271,2.08807423375272,2.08825568783198,2.08807423375271,181.45407925988548
RSS,Reduce & Substitute,CENTRAL,2035,2097543.83394028,2097591.16344707,2097543.83394028,2.0975438339402803,2.09759116344707,2.0975438339402803,47.32950678979978
RSS,Reduce & Substitute,CENTRAL,2036,2103062.27919769,2103090.15830369,2103062.27919768,2.1030622791976903,2.10309015830369,2.1030622791976796,27.879106000065804
RSS,Reduce & Substitute,CENTRAL,2037,2103115.01927562,2103115.14595932,2103115.01927562,2.10311501927562,2.10311514595932,2.10311501927562,0.12668369989842176
RSS,Reduce & Substitute,CENTRAL,2038,2097342.35368524,2097312.93732934,2097342.3536852403,2.0973423536852396,2.09731293732934,2.0973423536852405,-29.41635590000078
RSS,Reduce & Substitute,CENTRAL,2039,2087217.64092041,2087166.19842755,2087217.64092041,2.08721764092041,2.0871661984275502,2.08721764092041,-51.44249285990372
RSS,Reduce & Substitute,CENTRAL,2040,2071057.29828457,2070975.21233197,2071057.298284566,2.07105729828457,2.07097521233197,2.071057298284566,-82.08595259999856
RSS,Reduce & Substitute,CENTRAL,2041,2050306.74602023,2050201.42593605,2050306.746020237,2.05030674602023,2.05020142593605,2.050306746020237,-105.3200841799844
RSS,Reduce & Substitute,CENTRAL,2042,2023985.44922065,2023851.86075257,2023985.449220657,2.0239854492206497,2.02385186075257,2.0239854492206573,-133.58846807992086
RSS,Reduce & Substitute,CENTRAL,2043,1992539.76973176,1992380.21304081,1992539.769731764,1.99253976973176,1.9923802130408101,1.992539769731764,-159.55669094994664
RSS,Reduce & Substitute,CENTRAL,2044,1955944.30612144,1955758.6400613,1955944.3061214369,1.9559443061214399,1.9557586400613,1.9559443061214368,-185.66606013989076
RSS,Reduce & Substitute,LOWER,2020,1330384.192,1330384.192,1109337.752484579,1.3303841920000001,1.3303841920000001,1.109337752484579,0.0
RSS,Reduce & Substitute,LOWER,2021,1382917.8502996,1383185.5455,1164989.533973203,1.3829178502996,1.3831855455,1.164989533973203,267.6952003999613
RSS,Reduce & Substitute,LOWER,2022,1523747.8113644,1524464.073,1295413.7783783139,1.5237478113644,1.524464073,1.295413778378314,716.2616356001236
RSS,Reduce & Substitute,LOWER,2023,1585757.32612588,1586069.6575,1359254.732807404,1.58575732612588,1.5860696575,1.3592547328074038,312.3313741199672
RSS,Reduce & Substitute,LOWER,2024,1648524.20900892,1648842.458,1423581.3340080068,1.64852420900892,1.648842458,1.4235813340080068,318.24899108009413
RSS,Reduce & Substitute,LOWER,2025,1678059.83341047,1678208.71607794,1399247.370096913,1.6780598334104702,1.67820871607794,1.399247370096913,148.8826674700249
RSS,Reduce & Substitute,LOWER,2026,1731541.42120764,1731813.18810283,1443841.94729543,1.73154142120764,1.73181318810283,1.44384194729543,271.7668951898813
RSS,Reduce & Substitute,LOWER,2027,1783098.33385184,1783359.66702055,1486835.0460180668,1.78309833385184,1.78335966702055,1.4868350460180668,261.33316870988347
RSS,Reduce & Substitute,LOWER,2028,1833890.72531626,1834148.21588961,1529184.749515337,1.83389072531626,1.8341482158896099,1.529184749515337,257.49057334987447
RSS,Reduce & Substitute,LOWER,2029,1882303.33386674,1882548.71738664,1569563.4262817749,1.88230333386674,1.88254871738664,1.5695634262817748,245.38351989979856
RSS,Reduce & Substitute,LOWER,2030,1927918.88305248,1928150.07532046,1607592.765067267,1.92791888305248,1.92815007532046,1.607592765067267,231.1922679799609
RSS,Reduce & Substitute,LOWER,2031,1972179.46088698,1972403.82095609,1644502.63779952,1.97217946088698,1.97240382095609,1.64450263779952,224.36006911005825
RSS,Reduce & Substitute,LOWER,2032,2013241.76448579,2013449.86195784,1678738.8648717902,2.01324176448579,2.01344986195784,1.6787388648717902,208.0974720499944
RSS,Reduce & Substitute,LOWER,2033,2052267.10369368,2052464.90429729,1711279.756832391,2.05226710369368,2.05246490429729,1.711279756832391,197.80060360999778
RSS,Reduce & Substitute,LOWER,2034,2088074.23375265,2088255.68783198,1741138.893870189,2.08807423375265,2.08825568783198,1.741138893870189,181.4540793299675
RSS,Reduce & Substitute,LOWER,2035,2097543.83394027,2097591.16344707,1749028.9777176632,2.09754383394027,2.09759116344707,1.749028977717663,47.32950680004433
RSS,Reduce & Substitute,LOWER,2036,2103062.27919765,2103090.15830369,1753641.819408378,2.10306227919765,2.10309015830369,1.753641819408378,27.879106040112674
RSS,Reduce & Substitute,LOWER,2037,2103115.01927549,2103115.14595932,1753677.8939709929,2.1031150192754904,2.10311514595932,1.753677893970993,0.12668382981792092
RSS,Reduce & Substitute,LOWER,2038,2097342.35368497,2097312.93732934,1748866.921976668,2.09734235368497,2.09731293732934,1.7488669219766682,-29.416355630382895
RSS,Reduce & Substitute,LOWER,2039,2087217.64091963,2087166.19842755,1740435.463140509,2.08721764091963,2.0871661984275502,1.740435463140509,-51.44249207992107
RSS,Reduce & Substitute,LOWER,2040,2071057.29828245,2070975.21233197,1726958.896345398,2.07105729828245,2.07097521233197,1.726958896345398,-82.08595048007555
RSS,Reduce & Substitute,LOWER,2041,2050306.74601724,2050201.42593605,1709645.648297255,2.05030674601724,2.05020142593605,1.7096456482972548,-105.32008118997328
RSS,Reduce & Substitute,LOWER,2042,2023985.44922429,2023851.86075257,1687705.934683167,2.02398544922429,2.02385186075257,1.6877059346831669,-133.58847171999514
RSS,Reduce & Substitute,LOWER,2043,1992539.76972628,1992380.21304081,1661498.7157045729,1.9925397697262799,1.9923802130408101,1.6614987157045729,-159.55668546981178
RSS,Reduce & Substitute,LOWER,2044,1955944.30612154,1955758.6400613,1630977.765994584,1.95594430612154,1.9557586400613,1.6309777659945839,-185.66606024000794
RSS,Reduce & Substitute,UPPER,2020,1330384.192,1330384.192,1551430.631515417,1.3303841920000001,1.3303841920000001,1.551430631515417,0.0
RSS,Reduce & Substitute,UPPER,2021,1382917.85029999,1383185.5455,1600846.166625984,1.3829178502999901,1.3831855455,1.6008461666259841,267.69520000997
RSS,Reduce & Substitute,UPPER,2022,1523747.81136481,1524464.073,1752081.844350658,1.52374781136481,1.524464073,1.7520818443506578,716.2616351901088
RSS,Reduce & Substitute,UPPER,2023,1585757.32612623,1586069.6575,1812259.919444831,1.5857573261262299,1.5860696575,1.812259919444831,312.33137377002276
RSS,Reduce & Substitute,UPPER,2024,1648524.20900949,1648842.458,1873467.0840109251,1.64852420900949,1.648842458,1.873467084010925,318.2489905101247
RSS,Reduce & Substitute,UPPER,2025,1678059.83341059,1678208.71607794,1956872.29672425,1.67805983341059,1.67820871607794,1.95687229672425,148.88266735011712
RSS,Reduce & Substitute,UPPER,2026,1731541.4212078,1731813.18810283,2019240.895120007,1.7315414212078,1.73181318810283,2.019240895120007,271.7668950299267
RSS,Reduce & Substitute,UPPER,2027,1783098.33385191,1783359.66702055,2079361.62168574,1.78309833385191,1.78335966702055,2.0793616216857402,261.3331686400343
RSS,Reduce & Substitute,UPPER,2028,1833890.72531633,1834148.21588961,2138596.70111733,1.8338907253163301,1.8341482158896099,2.13859670111733,257.49057327979244
RSS,Reduce & Substitute,UPPER,2029,1882303.33386728,1882548.71738664,2195043.2414525,1.88230333386728,1.88254871738664,2.1950432414525003,245.3835193598643
RSS,Reduce & Substitute,UPPER,2030,1927918.88305255,1928150.07532046,2248245.00103784,1.92791888305255,1.92815007532046,2.24824500103784,231.19226790987886
RSS,Reduce & Substitute,UPPER,2031,1972179.46088704,1972403.82095609,2299856.28397444,1.97217946088704,1.97240382095609,2.2998562839744396,224.36006904998794
RSS,Reduce & Substitute,UPPER,2032,2013241.76448582,2013449.86195784,2347744.6640997,2.01324176448582,2.01344986195784,2.3477446640996997,208.09747201995924
RSS,Reduce & Substitute,UPPER,2033,2052267.10369377,2052464.90429729,2393254.45055502,2.05226710369377,2.05246490429729,2.39325445055502,197.80060351989232
RSS,Reduce & Substitute,UPPER,2034,2088074.23375272,2088255.68783198,2435009.57363528,2.08807423375272,2.08825568783198,2.43500957363528,181.45407925988548
RSS,Reduce & Substitute,UPPER,2035,2097543.83394031,2097591.16344707,2446058.69016291,2.09754383394031,2.09759116344707,2.44605869016291,47.32950675999746
RSS,Reduce & Substitute,UPPER,2036,2103062.27919769,2103090.15830369,2452482.73898694,2.1030622791976903,2.10309015830369,2.45248273898694,27.879106000065804
RSS,Reduce & Substitute,UPPER,2037,2103115.0192756,2103115.14595932,2452552.14458013,2.1031150192756,2.10311514595932,2.45255214458013,0.12668371992185712
RSS,Reduce & Substitute,UPPER,2038,2097342.35368541,2097312.93732934,2445817.78539351,2.09734235368541,2.09731293732934,2.44581778539351,-29.416356070432812
RSS,Reduce & Substitute,UPPER,2039,2087217.6409209,2087166.19842755,2433999.81870235,2.0872176409209002,2.0871661984275502,2.43399981870235,-51.44249335001223
RSS,Reduce & Substitute,UPPER,2040,2071057.29828359,2070975.21233197,2415155.70022125,2.07105729828359,2.07097521233197,2.41515570022125,-82.08595162001438
RSS,Reduce & Substitute,UPPER,2041,2050306.74602045,2050201.42593605,2390967.84373654,2.05030674602045,2.05020142593605,2.39096784373654,-105.32008440000936
RSS,Reduce & Substitute,UPPER,2042,2023985.44922566,2023851.86075257,2360264.96376662,2.02398544922566,2.02385186075257,2.36026496376662,-133.58847308997065
RSS,Reduce & Substitute,UPPER,2043,1992539.76972985,1992380.21304081,2323580.82375338,1.9925397697298501,1.9923802130408101,2.3235808237533804,-159.55668904003687
RSS,Reduce & Substitute,UPPER,2044,1955944.30612335,1955758.6400613,2280910.8462489396,1.9559443061233501,1.9557586400613,2.28091084624894,-185.66606205003336
SCS,System Change,CENTRAL,2020,1330384.192,1330384.192,1330384.1919999989,1.3303841920000001,1.3303841920000001,1.3303841919999988,0.0
SCS,System Change,CENTRAL,2021,1382917.85029996,1383185.5455,1382917.8502999619,1.38291785029996,1.3831855455,1.382917850299962,267.69520004000515
SCS,System Change,CENTRAL,2022,1523747.8113644,1524464.073,1523747.811364399,1.5237478113644,1.524464073,1.523747811364399,716.2616356001236
SCS,System Change,CENTRAL,2023,1585757.32612571,1586069.6575,1585757.326125707,1.58575732612571,1.5860696575,1.585757326125707,312.3313742899336
SCS,System Change,CENTRAL,2024,1648524.20900952,1648842.458,1648524.209009517,1.64852420900952,1.648842458,1.648524209009517,318.24899048008956
SCS,System Change,CENTRAL,2025,1678059.83341049,1678208.71607794,1678059.833410489,1.6780598334104901,1.67820871607794,1.6780598334104888,148.88266745000146
SCS,System Change,CENTRAL,2026,1731541.42120768,1731813.18810283,1731541.4212076832,1.7315414212076798,1.73181318810283,1.7315414212076832,271.7668951500673
SCS,System Change,CENTRAL,2027,1783098.33385189,1783359.66702055,1783098.3338518948,1.78309833385189,1.78335966702055,1.7830983338518949,261.3331686600577
SCS,System Change,CENTRAL,2028,1833890.72531635,1834148.21588961,1833890.7253163531,1.8338907253163501,1.8341482158896099,1.8338907253163532,257.490573259769
SCS,System Change,CENTRAL,2029,1882303.33386696,1882548.71738664,1882303.333866962,1.88230333386696,1.88254871738664,1.882303333866962,245.38351968000643
SCS,System Change,CENTRAL,2030,1927918.88305256,1928150.07532046,1927918.883052554,1.92791888305256,1.92815007532046,1.927918883052554,231.19226789986715
SCS,System Change,CENTRAL,2031,1972179.46088694,1972403.82095609,1972179.460886937,1.9721794608869399,1.97240382095609,1.9721794608869372,224.36006915010512
SCS,System Change,CENTRAL,2032,2013241.76448578,2013449.86195784,2013241.76448578,2.01324176448578,2.01344986195784,2.01324176448578,208.0974720600061
SCS,System Change,CENTRAL,2033,2052267.1036937,2052464.90429729,2052267.1036937041,2.0522671036937,2.05246490429729,2.052267103693704,197.80060358997434
SCS,System Change,CENTRAL,2034,2088074.23375271,2088255.68783199,2088074.233752708,2.08807423375271,2.08825568783199,2.088074233752708,181.4540792799089
SCS,System Change,CENTRAL,2035,2097543.83394028,2097591.16344707,2097543.833940274,2.0975438339402803,2.09759116344707,2.097543833940274,47.32950678979978
SCS,System Change,CENTRAL,2036,2103062.27919768,2103090.15830369,2103062.279197678,2.1030622791976796,2.10309015830369,2.103062279197678,27.879106010310352
SCS,System Change,CENTRAL,2037,2103115.01927553,2103115.14595932,2103115.01927553,2.10311501927553,2.10311514595932,2.10311501927553,0.1266837902367115
SCS,System Change,CENTRAL,2038,2097342.35368519,2097312.93732934,2097342.353685195,2.09734235368519,2.09731293732934,2.097342353685195,-29.416355850175023
SCS,System Change,CENTRAL,2039,2087217.6409215,2087166.19842755,2087217.640921499,2.0872176409215,2.0871661984275502,2.0872176409214993,-51.4424939500168
SCS,System Change,CENTRAL,2040,2071057.29828215,2070975.21233197,2071057.298282143,2.07105729828215,2.07097521233197,2.071057298282143,-82.08595017995685
SCS,System Change,CENTRAL,2041,2050306.74601877,2050201.42593605,2050306.746018773,2.05030674601877,2.05020142593605,2.050306746018773,-105.32008271990344
SCS,System Change,CENTRAL,2042,2023985.44922472,2023851.86075257,2023985.449224718,2.02398544922472,2.02385186075257,2.023985449224718,-133.58847215003334
SCS,System Change,CENTRAL,2043,1992539.76972817,1992380.21304081,1992539.7697281651,1.99253976972817,1.9923802130408101,1.992539769728165,-159.55668735993095
SCS,System Change,CENTRAL,2044,1955944.3061225,1955758.6400613,1955944.306122501,1.9559443061225,1.9557586400613,1.9559443061225008,-185.66606119996868
SCS,System Change,LOWER,2020,1330384.192,1330384.192,1101283.8588669961,1.3303841920000001,1.3303841920000001,1.1012838588669962,0.0
SCS,System Change,LOWER,2021,1382917.85029941,1383185.5455,1157049.250113881,1.38291785029941,1.3831855455,1.157049250113881,267.6952005899511
SCS,System Change,LOWER,2022,1523747.81136431,1524464.073,1287094.3590980591,1.5237478113643101,1.524464073,1.287094359098059,716.2616356899962
SCS,System Change,LOWER,2023,1585757.32612582,1586069.6575,1351002.042582354,1.58575732612582,1.5860696575,1.3510020425823541,312.3313741800375
SCS,System Change,LOWER,2024,1648524.2090087,1648842.458,1415385.4725892171,1.6485242090087,1.648842458,1.4153854725892172,318.2489913001191
SCS,System Change,LOWER,2025,1678059.83341046,1678208.71607794,1374942.5934659438,1.67805983341046,1.67820871607794,1.3749425934659438,148.88266748003662
SCS,System Change,LOWER,2026,1731541.42120766,1731813.18810283,1404164.22017714,1.73154142120766,1.73181318810283,1.40416422017714,271.7668951698579
SCS,System Change,LOWER,2027,1783098.33385185,1783359.66702055,1431800.953879185,1.7830983338518498,1.78335966702055,1.431800953879185,261.3331687001046
SCS,System Change,LOWER,2028,1833890.72531627,1834148.21588961,1471143.427646208,1.83389072531627,1.8341482158896099,1.471143427646208,257.49057333986275
SCS,System Change,LOWER,2029,1882303.33386695,1882548.71738664,1508995.201279969,1.88230333386695,1.88254871738664,1.508995201279969,245.38351969001815
SCS,System Change,LOWER,2030,1927918.88305243,1928150.07532046,1545035.704102299,1.92791888305243,1.92815007532046,1.5450357041022988,231.19226802978665
SCS,System Change,LOWER,2031,1972179.46088703,1972403.82095609,1580447.7438674138,1.97217946088703,1.97240382095609,1.5804477438674138,224.36006905999966
SCS,System Change,LOWER,2032,2013241.76448575,2013449.86195784,1613770.6138588479,2.01324176448575,2.01344986195784,1.613770613858848,208.09747208980843
SCS,System Change,LOWER,2033,2052267.1036936,2052464.90429729,1645961.629860585,2.0522671036936,2.05246490429729,1.645961629860585,197.8006036898587
SCS,System Change,LOWER,2034,2088074.23375267,2088255.68783199,1676092.244333518,2.08807423375267,2.08825568783199,1.676092244333518,181.45407931995578
SCS,System Change,LOWER,2035,2097543.83394027,2097591.16344707,1685478.425949628,2.09754383394027,2.09759116344707,1.685478425949628,47.32950680004433
SCS,System Change,LOWER,2036,2103062.27919765,2103090.15830369,1679879.664120344,2.10306227919765,2.10309015830369,1.679879664120344,27.879106040112674
SCS,System Change,LOWER,2037,2103115.01927551,2103115.14595932,1670218.36805784,2.1031150192755104,2.10311514595932,1.67021836805784,0.12668380979448557
SCS,System Change,LOWER,2038,2097342.35368517,2097312.93732934,1656299.7302167658,2.09734235368517,2.09731293732934,1.6562997302167657,-29.416355830151588
SCS,System Change,LOWER,2039,2087217.64092147,2087166.19842755,1639385.810709219,2.08721764092147,2.0871661984275502,1.639385810709219,-51.442493919981644
SCS,System Change,LOWER,2040,2071057.29828217,2070975.21233197,1618258.27833891,2.07105729828217,2.07097521233197,1.6182582783389101,-82.08595019998029
SCS,System Change,LOWER,2041,2050306.74601887,2050201.42593605,1594146.071925511,2.05030674601887,2.05020142593605,1.594146071925511,-105.32008282002062
SCS,System Change,LOWER,2042,2023985.44922481,2023851.86075257,1566358.96899457,2.02398544922481,2.02385186075257,1.56635896899457,-133.5884722401388
SCS,System Change,LOWER,2043,1992539.76972815,1992380.21304081,1535343.278024028,1.99253976972815,1.9923802130408101,1.5353432780240281,-159.5566873399075
SCS,System Change,LOWER,2044,1955944.30612243,1955758.6400613,1501194.8604190198,1.95594430612243,1.9557586400613,1.5011948604190197,-185.66606112988666
SCS,System Change,UPPER,2020,1330384.192,1330384.192,1559484.525133001,1.3303841920000001,1.3303841920000001,1.559484525133001,0.0
SCS,System Change,UPPER,2021,1382917.85030031,1383185.5455,1608786.450485475,1.38291785030031,1.3831855455,1.608786450485475,267.6951996900607
SCS,System Change,UPPER,2022,1523747.81136563,1524464.073,1760401.263631286,1.52374781136563,1.524464073,1.760401263631286,716.2616343700793
SCS,System Change,UPPER,2023,1585757.32612616,1586069.6575,1820512.609669849,1.5857573261261602,1.5860696575,1.820512609669849,312.33137383987196
SCS,System Change,UPPER,2024,1648524.20900955,1648842.458,1881662.945429019,1.64852420900955,1.648842458,1.881662945429019,318.2489904500544
SCS,System Change,UPPER,2025,1678059.83341062,1678208.71607794,1981177.073355298,1.67805983341062,1.67820871607794,1.981177073355298,148.88266732008196
SCS,System Change,UPPER,2026,1731541.42120772,1731813.18810283,2058918.622238227,1.73154142120772,1.73181318810283,2.058918622238227,271.7668951100204
SCS,System Change,UPPER,2027,1783098.33385195,1783359.66702055,2134399.997167418,1.78309833385195,1.78335966702055,2.1343999971674177,261.3331685999874
SCS,System Change,UPPER,2028,1833890.72531644,1834148.21588961,2196707.127126201,1.83389072531644,1.8341482158896099,2.196707127126201,257.4905731698964
SCS,System Change,UPPER,2029,1882303.3338671,1882548.71738664,2255683.205068479,1.8823033338671,1.88254871738664,2.255683205068479,245.38351953984238
SCS,System Change,UPPER,2030,1927968.28111997,1928150.07532046,2310876.036239166,1.9279682811199699,1.92815007532046,2.310876036239166,181.794200489996
SCS,System Change,UPPER,2031,1972254.88193691,1972403.82095609,2363987.122120075,1.9722548819369101,1.97240382095609,2.363987122120075,148.93901917990297
SCS,System Change,UPPER,2032,2013318.89962163,2013449.86195784,2412790.422549824,2.01331889962163,2.01344986195784,2.4127904225498242,130.96233620983548
SCS,System Change,UPPER,2033,2052345.67824393,2052464.90429729,2458651.431429306,2.0523456782439298,2.05246490429729,2.458651431429306,119.2260533599183
SCS,System Change,UPPER,2034,2088153.90055488,2088255.68783199,2500136.039932956,2.08815390055488,2.08825568783199,2.500136039932956,101.78727710992098
SCS,System Change,UPPER,2035,2097616.66074121,2097591.16344707,2509682.741828939,2.09761666074121,2.09759116344707,2.509682741828939,-25.497294140048325
SCS,System Change,UPPER,2036,2103065.58671948,2103090.15830369,2526249.489540089,2.10306558671948,2.10309015830369,2.526249489540089,24.571584210265428
SCS,System Change,UPPER,2037,2103117.9385887,2103115.14595932,2536015.7264053114,2.1031179385886998,2.10311514595932,2.5360157264053114,-2.7926293797791004
SCS,System Change,UPPER,2038,2097344.77763461,2097312.93732934,2538388.344838086,2.09734477763461,2.09731293732934,2.538388344838086,-31.84030527016148
SCS,System Change,UPPER,2039,2087219.75805466,2087166.19842755,2535052.412546821,2.08721975805466,2.0871661984275502,2.535052412546821,-53.559627109905705
SCS,System Change,UPPER,2040,2071058.95095585,2070975.21233197,2523858.614347463,2.07105895095585,2.07097521233197,2.523858614347463,-83.73862388008274
SCS,System Change,UPPER,2041,2050308.10648361,2050201.42593605,2506469.310257486,2.05030810648361,2.05020142593605,2.506469310257486,-106.68054756009951
SCS,System Change,UPPER,2042,2023986.33812594,2023851.86075257,2481613.16443923,2.02398633812594,2.02385186075257,2.48161316443923,-134.47737336996943
SCS,System Change,UPPER,2043,1992540.2746282,1992380.21304081,2449736.962909095,1.9925402746282002,1.9923802130408101,2.449736962909095,-160.06158739002421
SCS,System Change,UPPER,2044,1955944.4995087,1955758.6400613,2410694.020504651,1.9559444995087,1.9557586400613,2.410694020504651,-185.85944740008563
